{
  "MAE": 0.7512883794704033,
  "RMSE": 0.9811716528426525,
  "n_test": 274
}