{
  "MAE": 0.669071139021989,
  "RMSE": 0.8603699935774956,
  "n_valid": 274
}